,age,sex,chest_pain_type,resting_bp_s,cholesterol,fasting_blood_sugar,resting_ecg,exercise_angina,oldpeak
19,36.0,M,Atypical,120.0,267.0,Low,Normal,False,3.0
110,59.0,F,Atypical,130.0,188.0,Low,Normal,False,1.0
1015,44.0,M,Atypical,120.0,220.0,Low,Normal,False,0.0
283,51.0,F,Non-anginal,130.0,220.0,Low,Normal,True,2.0
524,59.0,M,Asymptomatic,124.0,160.0,Low,Normal,True,1.0
678,51.0,F,Asymptomatic,130.0,305.0,Low,Normal,True,1.2
1160,71.0,F,Asymptomatic,112.0,149.0,Low,Normal,False,1.6
164,42.0,M,Atypical,120.0,196.0,Low,Normal,False,0.0
401,50.0,F,Asymptomatic,160.0,0.0,High,Normal,False,0.0
408,62.0,M,Asymptomatic,115.0,0.0,High,Normal,True,-0.5
47,50.0,M,Atypical,140.0,216.0,Low,Normal,False,0.0
522,61.0,M,Asymptomatic,120.0,282.0,Low,Wave,True,4.0
902,57.0,M,Non-anginal,150.0,168.0,Low,Normal,False,1.6
905,48.0,F,Non-anginal,130.0,275.0,Low,Normal,False,0.2
65,37.0,F,Atypical,120.0,260.0,Low,Normal,False,0.0
330,60.0,M,Asymptomatic,130.0,0.0,High,Wave,True,1.1
370,63.0,M,Asymptomatic,150.0,0.0,Low,Normal,True,2.0
676,62.0,M,Atypical,120.0,281.0,Low,Hypertrophy,False,1.4
572,69.0,M,Asymptomatic,140.0,110.0,High,Normal,True,1.5
922,42.0,M,Asymptomatic,140.0,226.0,Low,Normal,False,0.0
305,51.0,M,Asymptomatic,95.0,0.0,High,Normal,False,2.2
1087,50.0,F,Asymptomatic,110.0,254.0,Low,Hypertrophy,False,0.0
595,58.0,M,Asymptomatic,160.0,256.0,High,Hypertrophy,True,1.0
1004,35.0,F,Asymptomatic,138.0,183.0,Low,Normal,False,1.4
1052,57.0,M,Asymptomatic,132.0,207.0,Low,Normal,True,0.0
309,58.0,M,Asymptomatic,115.0,0.0,High,Normal,False,0.5
612,54.0,F,Asymptomatic,127.0,333.0,High,Wave,False,0.0
63,46.0,M,Asymptomatic,120.0,277.0,Low,Normal,True,1.0
518,65.0,M,Asymptomatic,150.0,235.0,Low,Normal,True,1.5
293,53.0,M,Asymptomatic,130.0,182.0,Low,Normal,False,0.0
709,54.0,M,Asymptomatic,124.0,266.0,Low,Hypertrophy,True,2.2
231,37.0,M,Asymptomatic,130.0,315.0,Low,Normal,False,0.0
1050,58.0,F,Asymptomatic,100.0,248.0,Low,Hypertrophy,False,1.0
328,59.0,M,Asymptomatic,125.0,0.0,High,Normal,True,0.9
237,41.0,M,Asymptomatic,120.0,336.0,Low,Normal,True,3.0
1166,58.0,F,Asymptomatic,130.0,197.0,Low,Normal,False,0.6
1092,45.0,M,Asymptomatic,142.0,309.0,Low,Hypertrophy,True,0.0
924,57.0,M,Asymptomatic,150.0,276.0,Low,Hypertrophy,True,0.6
166,46.0,M,Typical,140.0,272.0,High,Normal,False,2.0
1141,43.0,M,Asymptomatic,115.0,303.0,Low,Normal,False,1.2
44,43.0,M,Asymptomatic,120.0,175.0,Low,Normal,True,1.0
864,65.0,F,Non-anginal,155.0,269.0,Low,Normal,False,0.8
583,69.0,M,Asymptomatic,122.0,216.0,High,Hypertrophy,True,0.0
398,58.0,M,Asymptomatic,170.0,0.0,High,Wave,True,0.0
163,49.0,F,Atypical,110.0,208.0,Low,Normal,False,0.0
702,42.0,M,Typical,148.0,244.0,Low,Hypertrophy,False,0.8
896,53.0,M,Asymptomatic,140.0,203.0,High,Hypertrophy,True,3.1
943,50.0,M,Non-anginal,140.0,233.0,Low,Normal,False,0.6
429,62.0,M,Asymptomatic,110.0,0.0,Low,Normal,True,0.5
333,38.0,M,Non-anginal,100.0,0.0,Low,Normal,False,-1.1
901,52.0,M,Non-anginal,172.0,199.0,High,Normal,False,0.5
560,64.0,M,Asymptomatic,134.0,273.0,Low,Normal,True,4.0
959,62.0,M,Asymptomatic,120.0,267.0,Low,Normal,True,1.8
974,53.0,F,Non-anginal,128.0,216.0,Low,Hypertrophy,False,0.0
357,46.0,M,Asymptomatic,115.0,0.0,Low,Normal,True,1.5
697,58.0,M,Asymptomatic,146.0,218.0,Low,Normal,False,2.0
280,54.0,F,Atypical,130.0,253.0,Low,Wave,False,0.0
740,65.0,F,Non-anginal,160.0,360.0,Low,Hypertrophy,False,0.8
694,39.0,F,Non-anginal,94.0,199.0,Low,Normal,False,0.0
233,38.0,F,Atypical,120.0,275.0,Low,Normal,False,0.0
112,47.0,M,Asymptomatic,140.0,276.0,High,Normal,True,0.0
342,64.0,M,Asymptomatic,110.0,0.0,High,Normal,True,1.3
899,56.0,M,Non-anginal,130.0,256.0,High,Hypertrophy,True,0.6
1010,55.0,M,Asymptomatic,140.0,217.0,Low,Normal,True,5.6
1091,43.0,M,Asymptomatic,110.0,211.0,Low,Normal,False,0.0
375,61.0,M,Asymptomatic,125.0,0.0,Low,Normal,True,0.0
635,64.0,M,Typical,110.0,211.0,Low,Hypertrophy,True,1.8
33,41.0,M,Asymptomatic,130.0,172.0,Low,Wave,False,2.0
115,33.0,F,Asymptomatic,100.0,246.0,Low,Normal,True,1.0
147,43.0,F,Atypical,120.0,249.0,Low,Wave,False,0.0
2,37.0,M,Atypical,130.0,283.0,Low,Wave,False,0.0
945,54.0,M,Non-anginal,125.0,273.0,Low,Hypertrophy,False,0.5
670,63.0,F,Atypical,140.0,195.0,Low,Normal,False,0.0
594,64.0,M,Asymptomatic,130.0,258.0,High,Hypertrophy,False,0.0
347,59.0,M,Asymptomatic,120.0,0.0,Low,Normal,False,0.0
59,52.0,M,Asymptomatic,112.0,342.0,Low,Wave,True,1.0
251,44.0,M,Asymptomatic,135.0,491.0,Low,Normal,False,0.0
72,52.0,M,Asymptomatic,120.0,182.0,Low,Normal,False,0.0
823,60.0,F,Non-anginal,102.0,318.0,Low,Normal,False,0.0
1046,68.0,M,Non-anginal,118.0,277.0,Low,Normal,False,1.0
1126,42.0,M,Atypical,120.0,295.0,Low,Normal,False,0.0
777,38.0,M,Typical,120.0,231.0,Low,Normal,True,3.8
773,55.0,M,Asymptomatic,140.0,217.0,Low,Normal,True,5.6
726,45.0,F,Atypical,112.0,160.0,Low,Normal,False,0.0
1066,53.0,M,Non-anginal,130.0,246.0,High,Hypertrophy,False,0.0
489,65.0,M,Typical,140.0,252.0,Low,Normal,False,0.3
668,52.0,M,Atypical,128.0,205.0,High,Normal,False,0.0
626,63.0,F,Asymptomatic,150.0,407.0,Low,Hypertrophy,False,4.0
986,48.0,M,Asymptomatic,122.0,222.0,Low,Hypertrophy,False,0.0
244,43.0,F,Atypical,120.0,266.0,Low,Normal,False,0.0
666,65.0,F,Asymptomatic,150.0,225.0,Low,Hypertrophy,False,1.0
124,58.0,M,Atypical,130.0,230.0,Low,Normal,False,0.0
319,61.0,M,Asymptomatic,130.0,0.0,High,Normal,False,2.5
546,48.0,M,Asymptomatic,132.0,272.0,Low,Wave,False,0.2
258,36.0,M,Non-anginal,150.0,160.0,Low,Normal,False,0.0
1117,52.0,F,Non-anginal,136.0,196.0,Low,Hypertrophy,False,0.1
238,55.0,M,Typical,140.0,295.0,Low,Normal,False,0.0
719,49.0,F,Asymptomatic,130.0,269.0,Low,Normal,False,0.0
752,46.0,F,Non-anginal,142.0,177.0,Low,Hypertrophy,True,1.4
766,41.0,F,Non-anginal,112.0,268.0,Low,Hypertrophy,True,0.0
509,67.0,M,Asymptomatic,120.0,0.0,High,Normal,False,1.5
930,59.0,M,Non-anginal,150.0,212.0,High,Normal,False,1.6
279,57.0,F,Asymptomatic,180.0,347.0,Low,Wave,True,0.8
685,44.0,F,Non-anginal,118.0,242.0,Low,Normal,False,0.3
577,62.0,M,Asymptomatic,139.0,170.0,Low,Wave,True,3.0
435,63.0,M,Asymptomatic,126.0,0.0,Low,Wave,False,1.5
67,32.0,M,Atypical,110.0,225.0,Low,Normal,False,0.0
861,51.0,F,Non-anginal,140.0,308.0,Low,Hypertrophy,False,1.5
679,44.0,M,Non-anginal,120.0,226.0,Low,Normal,False,0.0
988,34.0,M,Typical,118.0,182.0,Low,Hypertrophy,False,0.0
425,60.0,M,Non-anginal,120.0,0.0,High,Normal,True,2.0
8,37.0,M,Asymptomatic,140.0,207.0,Low,Normal,True,1.5
326,42.0,M,Asymptomatic,105.0,0.0,High,Normal,True,-1.5
876,43.0,M,Asymptomatic,150.0,247.0,Low,Normal,False,1.5
567,41.0,M,Asymptomatic,150.0,171.0,Low,Normal,True,1.5
1165,57.0,M,Atypical,154.0,232.0,Low,Hypertrophy,False,0.0
1137,57.0,M,Asymptomatic,110.0,201.0,Low,Normal,True,1.5
1146,57.0,M,Atypical,124.0,261.0,Low,Normal,False,0.3
218,54.0,M,Non-anginal,120.0,217.0,Low,Normal,False,0.0
820,51.0,M,Asymptomatic,140.0,299.0,Low,Normal,True,1.6
411,62.0,M,Asymptomatic,150.0,0.0,High,Wave,False,2.0
1029,52.0,M,Atypical,128.0,205.0,High,Normal,False,0.0
1086,59.0,M,Typical,160.0,273.0,Low,Hypertrophy,False,0.0
153,55.0,M,Asymptomatic,120.0,270.0,Low,Normal,False,0.0
768,50.0,F,Non-anginal,120.0,219.0,Low,Normal,False,1.6
539,54.0,M,Asymptomatic,130.0,202.0,High,Normal,True,2.0
938,65.0,M,Asymptomatic,120.0,177.0,Low,Normal,False,0.4
221,46.0,M,Asymptomatic,130.0,222.0,Low,Normal,False,0.0
379,70.0,M,Asymptomatic,140.0,0.0,High,Normal,True,2.0
1186,68.0,M,Asymptomatic,144.0,193.0,High,Normal,False,3.4
1040,55.0,M,Asymptomatic,160.0,289.0,Low,Hypertrophy,True,0.8
1018,51.0,M,Non-anginal,94.0,227.0,Low,Normal,True,0.0
968,53.0,F,Asymptomatic,130.0,264.0,Low,Hypertrophy,False,0.4
1115,54.0,M,Asymptomatic,110.0,206.0,Low,Hypertrophy,True,0.0
1177,67.0,M,Non-anginal,152.0,212.0,Low,Hypertrophy,False,0.8
814,54.0,F,Non-anginal,110.0,214.0,Low,Normal,False,1.6
502,63.0,M,Asymptomatic,130.0,308.0,Low,Normal,True,2.0
1088,64.0,F,Asymptomatic,180.0,325.0,Low,Normal,True,0.0
146,42.0,M,Atypical,120.0,198.0,Low,Normal,False,0.0
26,53.0,M,Asymptomatic,124.0,260.0,Low,Wave,True,3.0
135,49.0,M,Non-anginal,115.0,265.0,Low,Normal,False,0.0
104,46.0,M,Asymptomatic,118.0,186.0,Low,Normal,False,0.0
840,63.0,M,Asymptomatic,130.0,330.0,High,Hypertrophy,True,1.8
406,35.0,M,Asymptomatic,120.0,0.0,High,Normal,True,1.2
1152,42.0,M,Asymptomatic,136.0,315.0,Low,Normal,True,1.8
50,50.0,M,Asymptomatic,130.0,233.0,Low,Normal,True,2.0
40,54.0,F,Atypical,150.0,230.0,Low,Normal,False,0.0
463,59.0,M,Asymptomatic,122.0,233.0,Low,Normal,True,1.3
815,69.0,F,Typical,140.0,239.0,Low,Normal,False,1.8
1060,62.0,F,Asymptomatic,140.0,394.0,Low,Hypertrophy,False,1.2
1077,50.0,M,Non-anginal,129.0,196.0,Low,Normal,False,0.0
322,63.0,M,Asymptomatic,100.0,0.0,High,Normal,False,-0.9
179,37.0,M,Non-anginal,130.0,194.0,Low,Normal,False,0.0
265,47.0,M,Non-anginal,140.0,193.0,Low,Normal,True,1.0
390,61.0,M,Asymptomatic,160.0,0.0,High,Wave,False,1.0
377,47.0,M,Non-anginal,155.0,0.0,Low,Normal,True,1.0
1095,55.0,M,Atypical,130.0,262.0,Low,Normal,False,0.0
856,52.0,M,Atypical,120.0,325.0,Low,Normal,False,0.2
362,47.0,M,Asymptomatic,160.0,0.0,Low,Normal,True,0.0
1153,52.0,M,Asymptomatic,128.0,204.0,High,Normal,True,1.0
215,47.0,M,Asymptomatic,150.0,226.0,Low,Normal,True,1.5
1131,60.0,F,Non-anginal,120.0,178.0,High,Normal,False,0.0
754,56.0,M,Asymptomatic,125.0,249.0,High,Hypertrophy,True,1.2
374,59.0,M,Asymptomatic,135.0,0.0,Low,Normal,True,1.0
998,56.0,M,Asymptomatic,125.0,249.0,High,Hypertrophy,True,1.2
673,61.0,M,Asymptomatic,138.0,166.0,Low,Hypertrophy,True,3.6
950,54.0,F,Non-anginal,135.0,304.0,High,Normal,False,0.0
17,43.0,F,Atypical,120.0,201.0,Low,Normal,False,0.0
25,36.0,M,Non-anginal,130.0,209.0,Low,Normal,False,0.0
722,48.0,M,Asymptomatic,124.0,274.0,Low,Hypertrophy,False,0.5
972,44.0,M,Non-anginal,140.0,235.0,Low,Hypertrophy,False,0.0
827,59.0,M,Typical,170.0,288.0,Low,Hypertrophy,False,0.2
999,52.0,M,Typical,118.0,186.0,Low,Hypertrophy,False,0.0
788,69.0,M,Non-anginal,140.0,254.0,Low,Hypertrophy,False,2.0
1008,63.0,F,Asymptomatic,150.0,407.0,Low,Hypertrophy,False,4.0
894,57.0,F,Asymptomatic,120.0,354.0,Low,Normal,True,0.6
967,45.0,M,Asymptomatic,104.0,208.0,Low,Hypertrophy,True,3.0
1140,51.0,F,Non-anginal,120.0,295.0,Low,Hypertrophy,False,0.6
224,33.0,M,Non-anginal,120.0,298.0,Low,Normal,False,0.0
89,55.0,M,Asymptomatic,140.0,229.0,Low,Normal,True,0.5
578,67.0,M,Asymptomatic,146.0,369.0,Low,Normal,True,1.9
1096,62.0,F,Asymptomatic,150.0,244.0,Low,Normal,True,1.4
642,48.0,F,Non-anginal,130.0,275.0,Low,Normal,False,0.2
1150,44.0,M,Non-anginal,120.0,226.0,Low,Normal,False,0.0
30,53.0,M,Non-anginal,145.0,518.0,Low,Normal,False,0.0
1026,51.0,M,Non-anginal,125.0,245.0,High,Hypertrophy,False,2.4
693,45.0,M,Asymptomatic,104.0,208.0,Low,Hypertrophy,True,3.0
211,48.0,M,Asymptomatic,106.0,263.0,High,Normal,False,0.0
910,58.0,M,Non-anginal,132.0,224.0,Low,Hypertrophy,False,3.2
157,49.0,M,Asymptomatic,140.0,185.0,Low,Normal,False,0.0
753,67.0,F,Non-anginal,152.0,277.0,Low,Normal,False,0.0
632,71.0,F,Asymptomatic,112.0,149.0,Low,Normal,False,1.6
745,52.0,M,Atypical,134.0,201.0,Low,Normal,False,0.8
1136,62.0,M,Atypical,128.0,208.0,High,Hypertrophy,False,0.0
236,39.0,M,Atypical,120.0,200.0,Low,Normal,True,1.0
625,60.0,M,Asymptomatic,140.0,293.0,Low,Hypertrophy,False,1.2
482,69.0,M,Non-anginal,140.0,0.0,High,Wave,False,2.5
70,57.0,M,Atypical,140.0,265.0,Low,Wave,True,1.0
275,45.0,F,Atypical,180.0,295.0,Low,Normal,False,0.0
1094,50.0,M,Asymptomatic,144.0,200.0,Low,Hypertrophy,True,0.9
812,55.0,F,Atypical,135.0,250.0,Low,Hypertrophy,False,1.4
247,54.0,M,Non-anginal,120.0,237.0,Low,Normal,True,1.5
927,65.0,F,Asymptomatic,150.0,225.0,Low,Hypertrophy,False,1.0
555,53.0,M,Non-anginal,155.0,175.0,High,Wave,False,0.3
409,59.0,M,Asymptomatic,110.0,0.0,High,Normal,False,0.0
971,52.0,M,Atypical,120.0,325.0,Low,Normal,False,0.2
619,57.0,M,Atypical,124.0,261.0,Low,Normal,False,0.3
1006,65.0,M,Asymptomatic,135.0,254.0,Low,Hypertrophy,False,2.8
652,48.0,M,Asymptomatic,130.0,256.0,High,Hypertrophy,True,0.0
644,51.0,F,Non-anginal,120.0,295.0,Low,Hypertrophy,False,0.6
1122,54.0,M,Asymptomatic,122.0,286.0,Low,Hypertrophy,True,3.2
1028,59.0,M,Typical,170.0,288.0,Low,Hypertrophy,False,0.2
202,46.0,M,Non-anginal,120.0,230.0,Low,Normal,False,0.0
832,41.0,F,Atypical,130.0,204.0,Low,Hypertrophy,False,1.4
589,67.0,M,Asymptomatic,140.0,219.0,Low,Wave,True,2.0
55,51.0,F,Atypical,160.0,194.0,Low,Normal,False,0.0
253,61.0,M,Asymptomatic,125.0,292.0,Low,Wave,True,0.0
1145,70.0,M,Atypical,156.0,245.0,Low,Hypertrophy,False,0.0
74,55.0,M,Asymptomatic,140.0,268.0,Low,Normal,True,1.5
479,57.0,M,Asymptomatic,130.0,311.0,High,Wave,True,2.0
536,56.0,M,Asymptomatic,130.0,0.0,Low,Hypertrophy,True,1.0
501,65.0,M,Asymptomatic,136.0,248.0,Low,Normal,True,4.0
170,58.0,M,Non-anginal,140.0,179.0,Low,Normal,False,0.0
1104,46.0,F,Asymptomatic,138.0,243.0,Low,Hypertrophy,True,0.0
994,57.0,M,Non-anginal,128.0,229.0,Low,Hypertrophy,False,0.4
413,56.0,M,Asymptomatic,125.0,0.0,High,Normal,True,1.0
759,50.0,M,Non-anginal,140.0,233.0,Low,Normal,False,0.6
889,67.0,M,Asymptomatic,120.0,229.0,Low,Hypertrophy,True,2.6
985,52.0,M,Atypical,134.0,201.0,Low,Normal,False,0.8
424,60.0,M,Non-anginal,180.0,0.0,Low,Wave,True,1.5
516,63.0,M,Non-anginal,130.0,0.0,High,Wave,False,3.0
891,41.0,F,Atypical,130.0,204.0,Low,Hypertrophy,False,1.4
287,59.0,M,Asymptomatic,140.0,169.0,Low,Normal,False,0.0
982,52.0,M,Asymptomatic,128.0,255.0,Low,Normal,True,0.0
923,43.0,M,Asymptomatic,120.0,177.0,Low,Hypertrophy,True,2.5
772,46.0,F,Atypical,105.0,204.0,Low,Normal,False,0.0
949,58.0,M,Asymptomatic,128.0,216.0,Low,Hypertrophy,True,2.2
851,62.0,M,Non-anginal,130.0,231.0,Low,Normal,False,1.8
870,51.0,M,Non-anginal,110.0,175.0,Low,Normal,False,0.6
1169,55.0,F,Asymptomatic,128.0,205.0,Low,Wave,True,2.0
778,62.0,F,Asymptomatic,150.0,244.0,Low,Normal,True,1.4
321,59.0,M,Non-anginal,125.0,0.0,High,Normal,False,2.6
325,46.0,M,Asymptomatic,100.0,0.0,High,Wave,False,-2.6
869,44.0,M,Asymptomatic,112.0,290.0,Low,Hypertrophy,False,0.0
511,60.0,M,Asymptomatic,136.0,195.0,Low,Normal,False,0.3
790,68.0,F,Non-anginal,120.0,211.0,Low,Hypertrophy,False,1.5
629,44.0,M,Non-anginal,140.0,235.0,Low,Hypertrophy,False,0.0
363,56.0,M,Non-anginal,155.0,0.0,Low,Wave,False,0.0
83,52.0,M,Atypical,160.0,196.0,Low,Normal,False,0.0
125,54.0,M,Atypical,120.0,246.0,Low,Normal,False,0.0
1059,59.0,F,Asymptomatic,174.0,249.0,Low,Normal,True,0.0
467,55.0,M,Non-anginal,120.0,0.0,Low,Wave,True,2.5
997,61.0,F,Asymptomatic,145.0,307.0,Low,Hypertrophy,True,1.0
874,55.0,M,Asymptomatic,132.0,353.0,Low,Normal,True,1.2
441,52.0,M,Non-anginal,128.0,0.0,Low,Wave,False,3.0
540,57.0,M,Asymptomatic,110.0,197.0,Low,Hypertrophy,False,0.0
975,53.0,F,Asymptomatic,138.0,234.0,Low,Hypertrophy,False,0.0
850,52.0,M,Asymptomatic,128.0,255.0,Low,Normal,True,0.0
545,61.0,F,Atypical,140.0,298.0,High,Normal,True,0.0
13,49.0,M,Asymptomatic,140.0,234.0,Low,Normal,True,1.0
306,51.0,F,Asymptomatic,120.0,0.0,High,Normal,True,1.5
835,54.0,M,Non-anginal,120.0,258.0,Low,Hypertrophy,False,0.4
214,56.0,F,Non-anginal,130.0,219.0,Low,Wave,False,0.0
605,74.0,M,Asymptomatic,155.0,310.0,Low,Normal,True,1.5
77,35.0,F,Asymptomatic,140.0,167.0,Low,Normal,False,0.0
708,61.0,F,Asymptomatic,130.0,330.0,Low,Hypertrophy,False,0.0
445,56.0,M,Asymptomatic,120.0,100.0,Low,Normal,True,1.5
695,42.0,F,Non-anginal,120.0,209.0,Low,Normal,False,0.0
650,59.0,M,Asymptomatic,170.0,326.0,Low,Hypertrophy,True,3.4
1002,41.0,M,Atypical,135.0,203.0,Low,Normal,False,0.0
624,59.0,M,Asymptomatic,110.0,239.0,Low,Hypertrophy,True,1.2
751,54.0,M,Non-anginal,150.0,232.0,Low,Hypertrophy,False,1.6
837,54.0,M,Asymptomatic,110.0,239.0,Low,Normal,True,2.8
450,55.0,M,Non-anginal,0.0,0.0,Low,Normal,False,1.5
18,60.0,M,Asymptomatic,100.0,248.0,Low,Normal,False,1.0
487,55.0,M,Atypical,110.0,214.0,High,Wave,False,0.4
127,48.0,F,Asymptomatic,108.0,163.0,Low,Normal,False,2.0
310,57.0,M,Asymptomatic,95.0,0.0,High,Normal,False,0.7
581,51.0,M,Asymptomatic,131.0,152.0,High,Hypertrophy,True,1.0
11,58.0,M,Atypical,136.0,164.0,Low,Wave,True,2.0
519,48.0,M,Non-anginal,102.0,0.0,High,Wave,True,1.0
637,67.0,M,Asymptomatic,120.0,229.0,Low,Hypertrophy,True,2.6
559,58.0,M,Non-anginal,137.0,232.0,Low,Wave,True,1.4
1036,60.0,F,Non-anginal,102.0,318.0,Low,Normal,False,0.0
404,52.0,M,Asymptomatic,135.0,0.0,High,Normal,True,2.0
789,67.0,M,Asymptomatic,100.0,299.0,Low,Hypertrophy,True,0.9
748,66.0,M,Asymptomatic,112.0,212.0,Low,Hypertrophy,True,0.1
473,53.0,M,Asymptomatic,154.0,0.0,High,Wave,True,1.5
418,44.0,M,Asymptomatic,130.0,209.0,Low,Wave,False,0.0
942,54.0,M,Asymptomatic,124.0,266.0,Low,Hypertrophy,True,2.2
671,45.0,F,Atypical,130.0,234.0,Low,Hypertrophy,False,0.6
908,58.0,F,Typical,150.0,283.0,High,Hypertrophy,False,1.0
661,59.0,M,Non-anginal,126.0,218.0,High,Normal,False,2.2
437,58.0,M,Asymptomatic,116.0,0.0,Low,Normal,False,1.0
36,65.0,M,Asymptomatic,140.0,306.0,High,Normal,True,1.5
769,54.0,F,Non-anginal,108.0,267.0,Low,Hypertrophy,False,0.0
658,62.0,F,Asymptomatic,124.0,209.0,Low,Normal,False,0.0
662,58.0,M,Non-anginal,140.0,211.0,High,Hypertrophy,False,0.0
380,50.0,M,Asymptomatic,120.0,0.0,Low,Wave,True,0.0
262,54.0,F,Atypical,120.0,221.0,Low,Normal,False,1.0
290,36.0,M,Atypical,120.0,166.0,Low,Normal,False,0.0
430,63.0,M,Non-anginal,133.0,0.0,Low,Hypertrophy,True,1.0
254,62.0,M,Atypical,140.0,271.0,Low,Normal,False,1.0
596,60.0,M,Asymptomatic,130.0,186.0,High,Hypertrophy,True,0.5
527,65.0,M,Asymptomatic,144.0,312.0,Low,Hypertrophy,True,1.7
49,41.0,M,Asymptomatic,110.0,289.0,Low,Normal,False,0.0
781,43.0,M,Asymptomatic,110.0,211.0,Low,Normal,False,0.0
228,38.0,M,Asymptomatic,92.0,117.0,Low,Normal,True,2.5
239,48.0,M,Asymptomatic,160.0,355.0,Low,Normal,True,2.0
340,64.0,F,Asymptomatic,95.0,0.0,High,Normal,False,1.1
62,45.0,M,Asymptomatic,140.0,224.0,Low,Normal,False,0.0
865,60.0,M,Non-anginal,140.0,185.0,Low,Hypertrophy,False,3.0
631,57.0,F,Asymptomatic,128.0,303.0,Low,Hypertrophy,False,0.0
462,63.0,M,Asymptomatic,136.0,0.0,Low,Normal,True,0.0
436,60.0,M,Asymptomatic,152.0,0.0,Low,Wave,True,0.0
535,59.0,M,Asymptomatic,125.0,222.0,Low,Normal,True,2.5
78,52.0,M,Atypical,140.0,100.0,Low,Normal,True,0.0
795,67.0,M,Asymptomatic,125.0,254.0,High,Normal,False,0.2
496,64.0,F,Asymptomatic,142.0,276.0,Low,Normal,True,1.0
175,52.0,M,Asymptomatic,140.0,266.0,Low,Normal,True,2.0
193,48.0,M,Atypical,130.0,245.0,Low,Normal,False,0.0
880,49.0,M,Atypical,130.0,266.0,Low,Normal,False,0.6
353,56.0,M,Asymptomatic,120.0,0.0,Low,Wave,True,-1.0
248,48.0,M,Asymptomatic,122.0,275.0,High,Wave,True,2.0
995,61.0,M,Asymptomatic,120.0,260.0,Low,Normal,True,3.6
996,39.0,M,Asymptomatic,118.0,219.0,Low,Normal,False,1.2
1042,70.0,M,Asymptomatic,130.0,322.0,Low,Hypertrophy,False,2.4
189,50.0,F,Asymptomatic,120.0,328.0,Low,Normal,True,1.0
395,57.0,M,Asymptomatic,160.0,0.0,High,Normal,True,2.0
1181,63.0,F,Asymptomatic,124.0,197.0,Low,Normal,True,0.0
1130,61.0,M,Typical,134.0,234.0,Low,Normal,False,2.6
34,43.0,F,Atypical,150.0,186.0,Low,Normal,False,0.0
209,28.0,M,Atypical,130.0,132.0,Low,Hypertrophy,False,0.0
1041,64.0,M,Asymptomatic,120.0,246.0,Low,Hypertrophy,True,2.2
633,46.0,M,Asymptomatic,140.0,311.0,Low,Normal,True,1.8
307,55.0,M,Asymptomatic,115.0,0.0,High,Normal,False,0.1
1149,60.0,F,Typical,150.0,240.0,Low,Normal,False,0.9
1100,66.0,F,Asymptomatic,178.0,228.0,High,Normal,True,1.0
873,61.0,M,Non-anginal,150.0,243.0,High,Normal,True,1.0
273,55.0,M,Asymptomatic,140.0,201.0,Low,Normal,True,3.0
337,72.0,M,Non-anginal,160.0,0.0,Low,Hypertrophy,False,1.6
180,46.0,F,Asymptomatic,130.0,238.0,Low,Normal,False,0.0
136,43.0,F,Atypical,120.0,215.0,Low,Wave,False,0.0
289,48.0,F,Atypical,133.0,308.0,Low,Wave,False,2.0
331,60.0,M,Non-anginal,115.0,0.0,High,Normal,False,2.4
402,51.0,M,Asymptomatic,130.0,0.0,High,Wave,False,0.0
431,57.0,M,Asymptomatic,128.0,0.0,High,Wave,True,1.0
937,41.0,F,Atypical,105.0,198.0,Low,Normal,False,0.0
277,51.0,M,Non-anginal,135.0,160.0,Low,Normal,False,2.0
345,51.0,M,Asymptomatic,120.0,0.0,High,Normal,False,0.0
1063,52.0,M,Asymptomatic,108.0,233.0,High,Normal,False,0.1
1082,67.0,M,Asymptomatic,100.0,299.0,Low,Hypertrophy,True,0.9
682,57.0,M,Asymptomatic,150.0,276.0,Low,Hypertrophy,True,0.6
512,63.0,M,Asymptomatic,160.0,267.0,High,Wave,True,2.0
742,54.0,F,Non-anginal,160.0,201.0,Low,Normal,False,0.0
699,58.0,M,Asymptomatic,150.0,270.0,Low,Hypertrophy,True,0.8
616,62.0,M,Atypical,120.0,254.0,Low,Hypertrophy,True,0.0
969,39.0,M,Non-anginal,140.0,321.0,Low,Hypertrophy,False,0.0
966,58.0,M,Asymptomatic,150.0,270.0,Low,Hypertrophy,True,0.8
1171,61.0,M,Asymptomatic,148.0,203.0,Low,Normal,False,0.0
42,35.0,M,Atypical,150.0,264.0,Low,Normal,False,0.0
304,62.0,F,Asymptomatic,120.0,0.0,High,Wave,True,1.7
957,65.0,F,Non-anginal,155.0,269.0,Low,Normal,False,0.8
951,54.0,M,Asymptomatic,120.0,188.0,Low,Normal,False,1.4
194,45.0,M,Non-anginal,135.0,192.0,Low,Normal,False,0.0
1173,58.0,F,Asymptomatic,170.0,225.0,High,Hypertrophy,True,2.8
672,41.0,F,Atypical,105.0,198.0,Low,Normal,False,0.0
299,51.0,M,Asymptomatic,110.0,0.0,High,Normal,False,0.0
1164,39.0,F,Non-anginal,138.0,220.0,Low,Normal,False,0.0
1049,54.0,F,Non-anginal,110.0,214.0,Low,Normal,False,1.6
508,40.0,M,Non-anginal,106.0,240.0,Low,Normal,True,0.0
120,47.0,F,Non-anginal,135.0,248.0,High,Normal,False,0.0
723,51.0,M,Non-anginal,100.0,222.0,Low,Normal,True,1.2
106,48.0,F,Asymptomatic,120.0,254.0,Low,Wave,False,0.0
455,58.0,M,Asymptomatic,136.0,203.0,High,Normal,True,1.2
113,38.0,M,Atypical,140.0,297.0,Low,Normal,False,0.0
525,55.0,M,Asymptomatic,150.0,160.0,Low,Wave,False,0.0
862,60.0,M,Asymptomatic,130.0,253.0,Low,Normal,True,1.4
571,56.0,M,Asymptomatic,128.0,223.0,Low,Wave,True,2.0
131,46.0,M,Asymptomatic,110.0,202.0,Low,Normal,True,0.0
653,61.0,M,Asymptomatic,140.0,207.0,Low,Hypertrophy,True,1.9
816,77.0,M,Asymptomatic,125.0,304.0,Low,Hypertrophy,True,0.0
831,29.0,M,Atypical,130.0,204.0,Low,Hypertrophy,False,0.0
1019,29.0,M,Atypical,130.0,204.0,Low,Hypertrophy,False,0.0
364,56.0,M,Asymptomatic,120.0,0.0,Low,Wave,False,0.0
853,53.0,F,Asymptomatic,138.0,234.0,Low,Hypertrophy,False,0.0
609,53.0,M,Asymptomatic,144.0,300.0,High,Wave,True,1.5
515,43.0,M,Asymptomatic,122.0,0.0,Low,Normal,False,0.5
677,57.0,M,Non-anginal,150.0,126.0,High,Normal,False,0.2
737,49.0,M,Non-anginal,120.0,188.0,Low,Normal,False,2.0
1053,52.0,M,Non-anginal,138.0,223.0,Low,Normal,False,0.0
700,41.0,M,Non-anginal,130.0,214.0,Low,Hypertrophy,False,2.0
90,49.0,F,Atypical,110.0,208.0,Low,Normal,False,0.0
1125,49.0,F,Atypical,134.0,271.0,Low,Normal,False,0.0
1034,41.0,M,Non-anginal,112.0,250.0,Low,Normal,False,0.0
294,65.0,M,Asymptomatic,115.0,0.0,Low,Normal,True,0.0
220,29.0,M,Atypical,140.0,263.0,Low,Normal,False,0.0
477,51.0,M,Asymptomatic,132.0,218.0,High,Hypertrophy,False,0.1
568,71.0,M,Asymptomatic,130.0,221.0,Low,Wave,True,0.0
181,52.0,M,Asymptomatic,130.0,225.0,Low,Normal,True,2.0
980,44.0,F,Non-anginal,108.0,141.0,Low,Normal,False,0.6
472,68.0,M,Asymptomatic,138.0,0.0,Low,Normal,True,3.0
839,57.0,M,Non-anginal,150.0,168.0,Low,Normal,False,1.6
493,49.0,M,Typical,130.0,0.0,Low,Wave,False,3.0
53,41.0,F,Atypical,130.0,245.0,Low,Normal,False,0.0
282,49.0,M,Asymptomatic,150.0,222.0,Low,Normal,False,2.0
523,50.0,M,Asymptomatic,144.0,349.0,Low,Hypertrophy,True,1.0
428,59.0,M,Asymptomatic,140.0,0.0,Low,Wave,True,1.0
651,50.0,M,Asymptomatic,144.0,200.0,Low,Hypertrophy,True,0.9
381,60.0,M,Asymptomatic,160.0,0.0,Low,Wave,True,0.5
1124,46.0,M,Asymptomatic,120.0,249.0,Low,Hypertrophy,False,0.8
1189,38.0,M,Non-anginal,138.0,175.0,Low,Normal,False,0.0
295,32.0,M,Typical,95.0,0.0,High,Normal,False,0.7
1000,43.0,F,Asymptomatic,132.0,341.0,High,Hypertrophy,True,3.0
585,64.0,M,Asymptomatic,141.0,244.0,High,Wave,True,1.5
799,41.0,M,Asymptomatic,110.0,172.0,Low,Hypertrophy,False,0.0
1182,41.0,M,Atypical,120.0,157.0,Low,Normal,False,0.0
1133,58.0,M,Asymptomatic,100.0,234.0,Low,Normal,False,0.1
481,58.0,M,Atypical,126.0,0.0,High,Normal,True,2.0
324,62.0,M,Asymptomatic,115.0,0.0,High,Normal,True,2.5
278,52.0,M,Asymptomatic,170.0,223.0,Low,Normal,True,1.5
167,50.0,M,Asymptomatic,140.0,231.0,Low,Wave,True,5.0
918,60.0,M,Asymptomatic,117.0,230.0,High,Normal,True,1.4
184,46.0,M,Asymptomatic,110.0,238.0,Low,Wave,True,1.0
965,48.0,M,Atypical,130.0,245.0,Low,Hypertrophy,False,0.2
503,69.0,M,Asymptomatic,140.0,208.0,Low,Wave,True,2.0
579,57.0,M,Asymptomatic,156.0,173.0,Low,Hypertrophy,True,3.0
93,48.0,M,Asymptomatic,160.0,329.0,Low,Normal,True,1.5
1031,58.0,M,Non-anginal,105.0,240.0,Low,Hypertrophy,True,0.6
219,55.0,M,Atypical,140.0,196.0,Low,Normal,False,0.0
1110,53.0,M,Asymptomatic,123.0,282.0,Low,Normal,True,2.0
643,46.0,F,Asymptomatic,138.0,243.0,Low,Hypertrophy,True,0.0
940,44.0,M,Atypical,130.0,219.0,Low,Hypertrophy,False,0.0
807,54.0,M,Asymptomatic,140.0,239.0,Low,Normal,False,1.2
935,65.0,F,Non-anginal,140.0,417.0,High,Hypertrophy,False,0.8
114,49.0,F,Non-anginal,130.0,207.0,Low,Wave,False,0.0
727,55.0,F,Asymptomatic,180.0,327.0,Low,Wave,True,3.4
1121,54.0,F,Non-anginal,160.0,201.0,Low,Normal,False,0.0
54,52.0,F,Asymptomatic,130.0,180.0,Low,Normal,True,1.5
784,53.0,M,Non-anginal,130.0,197.0,High,Hypertrophy,False,1.2
882,52.0,M,Non-anginal,172.0,199.0,High,Normal,False,0.5
446,55.0,M,Non-anginal,136.0,228.0,Low,Wave,True,1.6
854,43.0,M,Asymptomatic,120.0,177.0,Low,Hypertrophy,True,2.5
111,57.0,M,Asymptomatic,150.0,255.0,Low,Normal,True,3.0
213,56.0,M,Non-anginal,130.0,276.0,Low,Normal,True,1.0
954,54.0,M,Non-anginal,150.0,232.0,Low,Hypertrophy,False,1.6
842,41.0,M,Atypical,135.0,203.0,Low,Normal,False,0.0
1127,41.0,M,Atypical,110.0,235.0,Low,Normal,False,0.0
208,35.0,M,Atypical,110.0,257.0,Low,Normal,False,0.0
859,53.0,F,Asymptomatic,130.0,264.0,Low,Hypertrophy,False,0.4
756,57.0,M,Asymptomatic,132.0,207.0,Low,Normal,True,0.0
716,50.0,F,Atypical,120.0,244.0,Low,Normal,False,1.1
474,60.0,M,Non-anginal,141.0,316.0,High,Wave,True,1.7
203,42.0,M,Non-anginal,160.0,147.0,Low,Normal,False,0.0
24,40.0,M,Non-anginal,130.0,215.0,Low,Normal,False,0.0
7,54.0,M,Atypical,110.0,208.0,Low,Normal,False,0.0
760,51.0,M,Typical,125.0,213.0,Low,Hypertrophy,True,1.4
475,62.0,M,Atypical,131.0,0.0,Low,Normal,False,0.1
976,51.0,F,Non-anginal,130.0,256.0,Low,Hypertrophy,False,0.5
1011,65.0,M,Typical,138.0,282.0,High,Hypertrophy,False,1.4
1135,52.0,M,Asymptomatic,125.0,212.0,Low,Normal,False,1.0
775,56.0,M,Typical,120.0,193.0,Low,Hypertrophy,False,1.9
117,59.0,F,Asymptomatic,130.0,338.0,High,Wave,True,1.5
57,58.0,M,Non-anginal,130.0,213.0,Low,Wave,False,0.0
557,75.0,M,Asymptomatic,160.0,310.0,High,Normal,True,2.0
101,51.0,M,Asymptomatic,130.0,179.0,Low,Normal,False,0.0
868,44.0,M,Atypical,130.0,219.0,Low,Hypertrophy,False,0.0
599,55.0,M,Asymptomatic,120.0,226.0,Low,Hypertrophy,True,1.7
80,55.0,M,Non-anginal,110.0,277.0,Low,Normal,False,0.0
597,57.0,M,Asymptomatic,122.0,264.0,Low,Hypertrophy,False,0.0
212,50.0,F,Non-anginal,140.0,288.0,Low,Normal,True,0.0
521,64.0,M,Asymptomatic,130.0,223.0,Low,Wave,False,0.5
384,38.0,F,Asymptomatic,110.0,0.0,Low,Normal,False,0.0
733,46.0,M,Asymptomatic,120.0,249.0,Low,Hypertrophy,False,0.8
108,50.0,M,Asymptomatic,140.0,129.0,Low,Normal,False,0.0
1111,63.0,F,Asymptomatic,108.0,269.0,Low,Normal,True,1.8
542,76.0,M,Non-anginal,104.0,113.0,Low,Hypertrophy,False,3.5
359,38.0,M,Non-anginal,115.0,0.0,Low,Normal,True,0.0
176,43.0,M,Asymptomatic,140.0,288.0,Low,Normal,True,2.0
841,35.0,F,Asymptomatic,138.0,183.0,Low,Normal,False,1.4
1023,70.0,M,Asymptomatic,145.0,174.0,Low,Normal,True,2.6
423,65.0,M,Asymptomatic,150.0,236.0,High,Wave,True,0.0
490,54.0,M,Asymptomatic,136.0,220.0,Low,Normal,True,3.0
45,59.0,M,Non-anginal,130.0,318.0,Low,Normal,True,1.0
159,54.0,M,Atypical,160.0,195.0,Low,Wave,False,1.0
266,54.0,M,Atypical,160.0,305.0,Low,Normal,False,0.0
320,68.0,M,Asymptomatic,145.0,0.0,High,Normal,False,1.8
593,61.0,M,Asymptomatic,190.0,287.0,High,Hypertrophy,True,2.0
81,54.0,M,Atypical,120.0,238.0,Low,Normal,False,0.0
391,51.0,M,Asymptomatic,140.0,0.0,Low,Normal,False,0.0
268,34.0,M,Atypical,98.0,220.0,Low,Normal,False,0.0
941,60.0,M,Asymptomatic,130.0,253.0,Low,Normal,True,1.4
267,52.0,M,Asymptomatic,130.0,298.0,Low,Normal,True,1.0
97,39.0,M,Non-anginal,160.0,147.0,High,Normal,False,0.0
731,42.0,M,Atypical,120.0,295.0,Low,Normal,False,0.0
878,60.0,M,Asymptomatic,130.0,206.0,Low,Hypertrophy,True,2.4
249,45.0,M,Asymptomatic,130.0,219.0,Low,Wave,True,1.0
531,50.0,M,Asymptomatic,133.0,218.0,Low,Normal,True,1.1
641,54.0,F,Atypical,132.0,288.0,High,Hypertrophy,True,0.0
932,58.0,M,Non-anginal,112.0,230.0,Low,Hypertrophy,False,2.5
61,43.0,F,Non-anginal,150.0,254.0,Low,Normal,False,0.0
1161,59.0,M,Typical,134.0,204.0,Low,Normal,False,0.8
538,74.0,M,Asymptomatic,150.0,258.0,High,Wave,True,4.0
1168,47.0,M,Non-anginal,130.0,253.0,Low,Normal,False,0.0
71,44.0,M,Atypical,130.0,215.0,Low,Normal,False,0.0
929,71.0,F,Atypical,160.0,302.0,Low,Normal,False,0.4
169,58.0,M,Asymptomatic,135.0,222.0,Low,Normal,False,0.0
1128,41.0,F,Atypical,126.0,306.0,Low,Normal,False,0.0
981,63.0,F,Non-anginal,135.0,252.0,Low,Hypertrophy,False,0.0
383,43.0,M,Asymptomatic,115.0,0.0,Low,Normal,True,2.0
348,48.0,M,Asymptomatic,115.0,0.0,High,Normal,False,0.0
1116,66.0,M,Asymptomatic,112.0,212.0,Low,Hypertrophy,True,0.1
350,36.0,M,Asymptomatic,110.0,0.0,High,Normal,True,1.0
660,46.0,M,Atypical,101.0,197.0,High,Normal,False,0.0
683,51.0,M,Asymptomatic,140.0,261.0,Low,Hypertrophy,True,0.0
394,38.0,M,Asymptomatic,150.0,0.0,High,Normal,True,0.7
68,52.0,M,Asymptomatic,160.0,246.0,Low,Wave,True,4.0
911,60.0,M,Asymptomatic,130.0,206.0,Low,Hypertrophy,True,2.4
276,59.0,M,Non-anginal,180.0,213.0,Low,Normal,False,0.0
1184,57.0,F,Asymptomatic,140.0,241.0,Low,Normal,True,0.2
434,46.0,M,Asymptomatic,110.0,236.0,Low,Normal,True,2.0
378,65.0,M,Asymptomatic,160.0,0.0,High,Wave,False,1.2
452,64.0,M,Asymptomatic,144.0,0.0,Low,Wave,True,1.0
216,30.0,F,Typical,170.0,237.0,Low,Wave,False,0.0
705,41.0,F,Atypical,126.0,306.0,Low,Normal,False,0.0
1162,64.0,M,Typical,170.0,227.0,Low,Hypertrophy,False,0.6
387,42.0,M,Asymptomatic,145.0,0.0,Low,Normal,True,0.0
645,58.0,M,Non-anginal,112.0,230.0,Low,Hypertrophy,False,2.5
1076,69.0,M,Non-anginal,140.0,254.0,Low,Hypertrophy,False,2.0
1097,37.0,F,Non-anginal,120.0,215.0,Low,Normal,False,0.0
1132,67.0,M,Asymptomatic,120.0,237.0,Low,Normal,False,1.0
416,66.0,F,Asymptomatic,155.0,0.0,High,Normal,False,0.0
177,54.0,M,Asymptomatic,140.0,216.0,Low,Normal,False,1.5
1183,59.0,M,Asymptomatic,164.0,176.0,High,Hypertrophy,False,1.0
664,44.0,M,Asymptomatic,110.0,197.0,Low,Hypertrophy,False,0.0
458,40.0,M,Asymptomatic,125.0,0.0,High,Normal,False,0.0
1099,41.0,M,Non-anginal,130.0,214.0,Low,Hypertrophy,False,2.0
3,48.0,F,Asymptomatic,138.0,214.0,Low,Normal,True,1.5
263,46.0,M,Asymptomatic,120.0,231.0,Low,Normal,True,0.0
432,62.0,M,Asymptomatic,120.0,220.0,Low,Wave,False,0.0
805,62.0,F,Asymptomatic,140.0,394.0,Low,Hypertrophy,False,1.2
504,51.0,M,Asymptomatic,132.0,227.0,High,Wave,False,0.2
647,57.0,M,Non-anginal,128.0,229.0,Low,Hypertrophy,False,0.4
774,45.0,M,Atypical,128.0,308.0,Low,Hypertrophy,False,0.0
495,60.0,M,Asymptomatic,142.0,216.0,Low,Normal,True,2.5
1020,51.0,M,Asymptomatic,140.0,261.0,Low,Hypertrophy,True,0.0
261,46.0,M,Atypical,140.0,275.0,Low,Normal,True,0.0
397,62.0,F,Typical,140.0,0.0,High,Normal,False,0.0
825,64.0,M,Non-anginal,125.0,309.0,Low,Normal,True,1.8
801,53.0,M,Non-anginal,130.0,246.0,High,Hypertrophy,False,0.0
226,50.0,M,Asymptomatic,145.0,264.0,Low,Normal,False,0.0
444,60.0,M,Asymptomatic,130.0,186.0,High,Wave,True,0.5
537,62.0,M,Non-anginal,133.0,0.0,High,Wave,True,1.2
484,58.0,M,Asymptomatic,120.0,0.0,Low,Hypertrophy,True,1.5
780,58.0,M,Asymptomatic,128.0,259.0,Low,Hypertrophy,True,3.0
433,63.0,M,Asymptomatic,170.0,177.0,Low,Normal,True,2.5
893,62.0,F,Asymptomatic,140.0,268.0,Low,Hypertrophy,False,3.6
200,57.0,F,Typical,130.0,308.0,Low,Normal,False,1.0
885,57.0,M,Asymptomatic,140.0,192.0,Low,Normal,False,0.4
528,61.0,M,Atypical,139.0,283.0,Low,Normal,False,0.3
257,55.0,F,Atypical,130.0,394.0,Low,Hypertrophy,False,0.0
1078,51.0,M,Asymptomatic,140.0,298.0,Low,Normal,True,4.2
14,42.0,F,Non-anginal,115.0,211.0,Low,Wave,False,0.0
229,41.0,M,Atypical,120.0,295.0,Low,Normal,False,0.0
904,54.0,M,Asymptomatic,140.0,239.0,Low,Normal,False,1.2
476,59.0,M,Asymptomatic,178.0,0.0,High,Hypertrophy,True,0.0
1109,39.0,F,Non-anginal,94.0,199.0,Low,Normal,False,0.0
126,34.0,F,Atypical,130.0,161.0,Low,Normal,False,0.0
144,56.0,F,Atypical,120.0,279.0,Low,Normal,False,1.0
564,55.0,M,Asymptomatic,135.0,204.0,High,Wave,True,1.1
99,41.0,M,Atypical,125.0,269.0,Low,Normal,False,0.0
459,61.0,M,Asymptomatic,134.0,0.0,High,Wave,False,1.5
507,75.0,M,Asymptomatic,136.0,225.0,Low,Normal,True,3.0
457,61.0,M,Non-anginal,120.0,0.0,Low,Normal,True,0.0
1156,42.0,M,Non-anginal,130.0,180.0,Low,Normal,False,0.0
281,60.0,M,Non-anginal,120.0,246.0,Low,Hypertrophy,False,0.0
886,67.0,M,Asymptomatic,160.0,286.0,Low,Hypertrophy,True,1.5
471,53.0,M,Asymptomatic,126.0,0.0,Low,Normal,False,0.0
316,74.0,M,Atypical,145.0,0.0,High,Wave,False,1.3
32,54.0,M,Asymptomatic,125.0,224.0,Low,Normal,False,2.0
271,45.0,M,Asymptomatic,120.0,225.0,Low,Normal,False,0.0
1176,56.0,M,Atypical,120.0,240.0,Low,Normal,False,0.0
407,57.0,M,Asymptomatic,140.0,0.0,High,Normal,True,0.0
123,58.0,F,Atypical,180.0,393.0,Low,Normal,True,1.0
655,42.0,M,Non-anginal,130.0,180.0,Low,Normal,False,0.0
657,40.0,M,Asymptomatic,152.0,223.0,Low,Normal,False,0.0
953,60.0,M,Non-anginal,140.0,185.0,Low,Hypertrophy,False,3.0
470,56.0,M,Atypical,124.0,224.0,High,Normal,False,2.0
158,44.0,M,Asymptomatic,130.0,290.0,Low,Normal,True,2.0
630,61.0,M,Typical,134.0,234.0,Low,Normal,False,2.6
724,60.0,F,Asymptomatic,150.0,258.0,Low,Hypertrophy,False,2.6
317,57.0,M,Non-anginal,105.0,0.0,High,Normal,False,0.3
601,57.0,M,Asymptomatic,130.0,207.0,Low,Wave,True,1.0
168,48.0,M,Atypical,140.0,238.0,Low,Normal,False,0.0
890,37.0,M,Non-anginal,130.0,250.0,Low,Normal,False,3.5
887,63.0,M,Typical,145.0,233.0,High,Hypertrophy,False,2.3
382,50.0,M,Asymptomatic,115.0,0.0,Low,Normal,True,0.5
274,55.0,M,Non-anginal,120.0,220.0,Low,Hypertrophy,False,0.0
6,45.0,F,Atypical,130.0,237.0,Low,Normal,False,0.0
4,54.0,M,Non-anginal,150.0,195.0,Low,Normal,False,0.0
1118,55.0,F,Asymptomatic,180.0,327.0,Low,Wave,True,3.4
417,63.0,M,Asymptomatic,140.0,260.0,Low,Wave,True,3.0
210,54.0,M,Asymptomatic,125.0,216.0,Low,Normal,False,0.0
122,46.0,M,Asymptomatic,110.0,240.0,Low,Wave,False,0.0
1,49.0,F,Non-anginal,160.0,180.0,Low,Normal,False,1.0
497,58.0,M,Asymptomatic,132.0,458.0,High,Normal,False,1.0
783,50.0,F,Asymptomatic,110.0,254.0,Low,Hypertrophy,False,0.0
1159,46.0,M,Asymptomatic,140.0,311.0,Low,Normal,True,1.8
64,50.0,F,Atypical,110.0,202.0,Low,Normal,False,0.0
461,57.0,M,Asymptomatic,139.0,277.0,High,Wave,True,1.9
311,65.0,M,Asymptomatic,155.0,0.0,Low,Normal,False,1.0
1022,55.0,F,Atypical,135.0,250.0,Low,Hypertrophy,False,1.4
100,65.0,M,Asymptomatic,130.0,275.0,Low,Wave,True,1.0
1085,50.0,F,Atypical,120.0,244.0,Low,Normal,False,1.1
1167,57.0,M,Asymptomatic,110.0,335.0,Low,Normal,True,3.0
318,56.0,M,Asymptomatic,140.0,0.0,High,Normal,True,1.8
849,45.0,M,Asymptomatic,115.0,260.0,Low,Hypertrophy,False,0.0
338,63.0,M,Asymptomatic,150.0,0.0,High,Wave,False,3.7
403,65.0,M,Asymptomatic,145.0,0.0,High,Wave,False,0.7
389,55.0,M,Asymptomatic,140.0,0.0,Low,Normal,False,0.0
103,40.0,M,Asymptomatic,120.0,466.0,High,Normal,True,1.0
196,62.0,F,Typical,160.0,193.0,Low,Normal,False,0.0
792,62.0,F,Asymptomatic,138.0,294.0,High,Normal,False,1.9
591,63.0,M,Atypical,136.0,165.0,Low,Wave,False,0.2
334,40.0,M,Asymptomatic,95.0,0.0,High,Wave,False,0.0
863,65.0,M,Asymptomatic,110.0,248.0,Low,Hypertrophy,False,0.6
956,46.0,M,Non-anginal,150.0,231.0,Low,Normal,False,3.6
551,55.0,M,Asymptomatic,172.0,260.0,Low,Normal,False,2.0
744,52.0,F,Non-anginal,136.0,196.0,Low,Hypertrophy,False,0.1
622,65.0,M,Asymptomatic,120.0,177.0,Low,Normal,False,0.4
134,61.0,F,Asymptomatic,130.0,294.0,Low,Wave,True,1.0
764,40.0,M,Asymptomatic,110.0,167.0,Low,Hypertrophy,True,2.0
341,43.0,M,Asymptomatic,100.0,0.0,High,Normal,False,1.5
1021,43.0,F,Non-anginal,122.0,213.0,Low,Normal,False,0.2
492,75.0,M,Asymptomatic,170.0,203.0,High,Wave,False,0.0
701,57.0,M,Asymptomatic,110.0,201.0,Low,Normal,True,1.5
192,50.0,M,Atypical,170.0,209.0,Low,Wave,False,0.0
142,47.0,M,Asymptomatic,160.0,291.0,Low,Wave,True,3.0
410,53.0,M,Non-anginal,160.0,0.0,High,Hypertrophy,True,0.0
298,57.0,M,Asymptomatic,110.0,0.0,High,Wave,True,1.4
903,48.0,M,Atypical,110.0,229.0,Low,Normal,False,1.0
301,60.0,M,Asymptomatic,160.0,0.0,High,Normal,False,0.4
669,65.0,F,Non-anginal,140.0,417.0,High,Hypertrophy,False,0.8
464,51.0,M,Asymptomatic,128.0,0.0,Low,Normal,False,0.0
600,56.0,M,Asymptomatic,130.0,203.0,High,Normal,False,1.5
552,62.0,M,Non-anginal,120.0,220.0,Low,Hypertrophy,False,0.0
128,54.0,F,Atypical,120.0,230.0,High,Normal,False,0.0
160,59.0,M,Asymptomatic,140.0,264.0,High,Hypertrophy,True,0.0
356,67.0,M,Typical,145.0,0.0,Low,Hypertrophy,False,0.0
636,40.0,M,Typical,140.0,199.0,Low,Normal,True,1.4
830,58.0,M,Asymptomatic,128.0,216.0,Low,Hypertrophy,True,2.2
1163,66.0,F,Non-anginal,146.0,278.0,Low,Hypertrophy,False,0.0
989,57.0,F,Asymptomatic,128.0,303.0,Low,Hypertrophy,False,0.0
613,62.0,M,Typical,135.0,139.0,Low,Wave,False,0.2
813,58.0,F,Asymptomatic,100.0,248.0,Low,Hypertrophy,False,1.0
615,58.0,M,Asymptomatic,140.0,385.0,High,Hypertrophy,False,0.3
105,57.0,M,Atypical,140.0,260.0,High,Normal,False,0.0
1016,62.0,F,Asymptomatic,124.0,209.0,Low,Normal,False,0.0
931,61.0,F,Asymptomatic,130.0,330.0,Low,Hypertrophy,False,0.0
73,44.0,F,Asymptomatic,120.0,218.0,Low,Wave,False,0.0
235,54.0,F,Atypical,140.0,309.0,Low,Wave,False,0.0
838,65.0,M,Asymptomatic,135.0,254.0,Low,Hypertrophy,False,2.8
85,66.0,M,Asymptomatic,140.0,139.0,Low,Normal,True,1.0
365,56.0,M,Non-anginal,120.0,0.0,Low,Normal,False,0.0
1108,54.0,F,Non-anginal,108.0,267.0,Low,Hypertrophy,False,0.0
898,56.0,F,Atypical,140.0,294.0,Low,Hypertrophy,False,1.3
371,60.0,M,Asymptomatic,135.0,0.0,Low,Normal,True,0.5
860,62.0,F,Asymptomatic,140.0,268.0,Low,Hypertrophy,False,3.6
16,38.0,M,Asymptomatic,110.0,196.0,Low,Normal,False,0.0
29,51.0,M,Atypical,125.0,188.0,Low,Normal,False,0.0
46,37.0,M,Asymptomatic,120.0,223.0,Low,Normal,False,0.0
826,37.0,M,Non-anginal,130.0,250.0,Low,Normal,False,3.5
573,64.0,M,Asymptomatic,150.0,193.0,Low,Wave,True,0.5
344,52.0,M,Asymptomatic,130.0,0.0,High,Normal,False,0.0
129,42.0,M,Non-anginal,120.0,228.0,Low,Normal,True,1.5
269,54.0,M,Asymptomatic,130.0,242.0,Low,Normal,True,1.0
1143,67.0,F,Asymptomatic,106.0,223.0,Low,Normal,False,0.3
440,74.0,M,Non-anginal,138.0,0.0,Low,Normal,False,0.2
1138,58.0,M,Asymptomatic,146.0,218.0,Low,Normal,False,2.0
94,39.0,F,Non-anginal,110.0,182.0,Low,Wave,False,0.0
468,63.0,F,Atypical,132.0,0.0,Low,Normal,False,0.1
926,61.0,M,Non-anginal,150.0,243.0,High,Normal,True,1.0
252,48.0,M,Asymptomatic,120.0,260.0,Low,Normal,False,2.0
628,53.0,M,Asymptomatic,142.0,226.0,Low,Hypertrophy,True,0.0
513,35.0,M,Non-anginal,123.0,161.0,Low,Wave,False,-0.1
491,72.0,M,Non-anginal,120.0,214.0,Low,Normal,True,1.0
195,41.0,F,Atypical,125.0,184.0,Low,Normal,False,0.0
1014,54.0,M,Asymptomatic,110.0,239.0,Low,Normal,True,2.8
574,72.0,M,Asymptomatic,160.0,123.0,High,Hypertrophy,False,1.5
332,56.0,M,Asymptomatic,115.0,0.0,High,Wave,False,-1.0
242,54.0,M,Asymptomatic,200.0,198.0,Low,Normal,True,2.0
79,49.0,M,Asymptomatic,130.0,206.0,Low,Normal,False,0.0
548,61.0,M,Typical,142.0,200.0,High,Wave,False,1.5
909,58.0,M,Atypical,120.0,284.0,Low,Hypertrophy,False,1.8
43,52.0,M,Non-anginal,140.0,259.0,Low,Wave,False,0.0
598,55.0,M,Non-anginal,133.0,185.0,Low,Wave,False,0.2
802,43.0,M,Non-anginal,130.0,315.0,Low,Normal,False,1.9
20,43.0,F,Typical,100.0,223.0,Low,Normal,False,0.0
205,56.0,M,Atypical,130.0,184.0,Low,Normal,False,0.0
987,45.0,M,Asymptomatic,115.0,260.0,Low,Hypertrophy,False,0.0
206,50.0,M,Asymptomatic,150.0,215.0,Low,Normal,True,0.0
793,51.0,M,Asymptomatic,140.0,298.0,Low,Normal,True,4.2
883,44.0,M,Atypical,120.0,263.0,Low,Normal,False,0.0
91,39.0,M,Asymptomatic,130.0,307.0,Low,Normal,False,0.0
292,47.0,F,Atypical,140.0,257.0,Low,Normal,False,1.0
606,68.0,M,Non-anginal,134.0,254.0,High,Normal,True,0.0
150,39.0,M,Atypical,130.0,215.0,Low,Normal,False,0.0
665,66.0,M,Atypical,160.0,246.0,Low,Normal,True,0.0
1067,48.0,M,Asymptomatic,124.0,274.0,Low,Hypertrophy,False,0.5
82,63.0,M,Asymptomatic,150.0,223.0,Low,Normal,False,0.0
87,53.0,F,Atypical,140.0,216.0,Low,Normal,True,2.0
833,63.0,F,Non-anginal,135.0,252.0,Low,Hypertrophy,False,0.0
141,50.0,M,Asymptomatic,140.0,341.0,Low,Wave,True,2.5
962,65.0,F,Non-anginal,160.0,360.0,Low,Hypertrophy,False,0.8
256,53.0,F,Non-anginal,120.0,274.0,Low,Normal,False,0.0
919,64.0,M,Non-anginal,140.0,335.0,Low,Normal,False,0.0
879,58.0,M,Atypical,120.0,284.0,Low,Hypertrophy,False,1.8
339,63.0,M,Asymptomatic,140.0,0.0,High,Hypertrophy,False,2.0
1043,51.0,M,Asymptomatic,140.0,299.0,Low,Normal,True,1.6
1157,61.0,M,Asymptomatic,140.0,207.0,Low,Hypertrophy,True,1.9
964,51.0,F,Non-anginal,140.0,308.0,Low,Hypertrophy,False,1.5
990,71.0,F,Non-anginal,110.0,265.0,High,Hypertrophy,False,0.0
39,48.0,F,Asymptomatic,150.0,227.0,Low,Normal,True,1.0
734,56.0,F,Asymptomatic,200.0,288.0,High,Hypertrophy,True,4.0
892,56.0,M,Atypical,120.0,236.0,Low,Normal,False,0.8
1134,47.0,M,Asymptomatic,110.0,275.0,Low,Hypertrophy,True,1.0
732,49.0,F,Atypical,134.0,271.0,Low,Normal,False,0.0
84,56.0,M,Asymptomatic,150.0,213.0,High,Normal,True,1.0
983,59.0,M,Asymptomatic,110.0,239.0,Low,Hypertrophy,True,1.2
818,58.0,M,Asymptomatic,125.0,300.0,Low,Hypertrophy,False,0.0
230,37.0,F,Asymptomatic,130.0,173.0,Low,Wave,False,0.0
547,48.0,M,Non-anginal,132.0,220.0,High,Wave,False,0.0
757,64.0,M,Asymptomatic,145.0,212.0,Low,Hypertrophy,False,2.0
713,66.0,M,Asymptomatic,120.0,302.0,Low,Hypertrophy,False,0.4
703,62.0,M,Atypical,128.0,208.0,High,Hypertrophy,False,0.0
1001,62.0,F,Non-anginal,130.0,263.0,Low,Normal,False,1.2
717,44.0,F,Non-anginal,108.0,141.0,Low,Normal,False,0.6
1170,35.0,M,Atypical,122.0,192.0,Low,Normal,False,0.0
763,52.0,M,Asymptomatic,112.0,230.0,Low,Normal,False,0.0
1144,76.0,F,Non-anginal,140.0,197.0,Low,Wave,False,1.1
1024,62.0,M,Atypical,120.0,281.0,Low,Hypertrophy,False,1.4
314,34.0,M,Asymptomatic,115.0,0.0,High,Normal,False,0.2
392,70.0,M,Asymptomatic,115.0,0.0,Low,Wave,True,0.0
675,59.0,F,Asymptomatic,174.0,249.0,Low,Normal,True,0.0
1072,63.0,F,Atypical,140.0,195.0,Low,Normal,False,0.0
1112,34.0,F,Atypical,118.0,210.0,Low,Normal,False,0.7
920,59.0,M,Asymptomatic,135.0,234.0,Low,Normal,False,0.5
711,52.0,M,Asymptomatic,125.0,212.0,Low,Normal,False,1.0
451,52.0,M,Non-anginal,122.0,0.0,Low,Normal,True,2.0
620,64.0,M,Asymptomatic,128.0,263.0,Low,Normal,True,0.2
634,53.0,M,Asymptomatic,140.0,203.0,High,Hypertrophy,True,3.1
663,49.0,M,Non-anginal,118.0,149.0,Low,Hypertrophy,False,0.8
556,58.0,M,Non-anginal,150.0,219.0,Low,Wave,True,0.0
483,67.0,M,Typical,142.0,270.0,High,Normal,False,2.5
811,48.0,M,Non-anginal,124.0,255.0,High,Normal,False,0.0
172,40.0,M,Non-anginal,140.0,235.0,Low,Normal,False,0.0
197,49.0,M,Asymptomatic,120.0,297.0,Low,Normal,False,1.0
1105,64.0,F,Asymptomatic,130.0,303.0,Low,Normal,False,2.0
852,62.0,F,Asymptomatic,160.0,164.0,Low,Hypertrophy,False,6.2
718,67.0,M,Asymptomatic,120.0,237.0,Low,Normal,False,1.0
1064,56.0,M,Asymptomatic,132.0,184.0,Low,Hypertrophy,True,2.1
1119,49.0,M,Non-anginal,118.0,149.0,Low,Hypertrophy,False,0.8
449,63.0,M,Asymptomatic,160.0,230.0,High,Normal,True,1.0
361,62.0,M,Non-anginal,160.0,0.0,Low,Normal,True,0.0
785,45.0,F,Asymptomatic,138.0,236.0,Low,Hypertrophy,True,0.2
201,47.0,M,Typical,110.0,249.0,Low,Normal,False,0.0
140,52.0,M,Asymptomatic,160.0,331.0,Low,Normal,True,2.5
1102,56.0,M,Typical,120.0,193.0,Low,Hypertrophy,False,1.9
312,60.0,M,Asymptomatic,125.0,0.0,High,Normal,False,0.1
48,36.0,M,Non-anginal,112.0,340.0,Low,Normal,False,1.0
368,68.0,M,Asymptomatic,135.0,0.0,Low,Wave,True,0.0
1113,47.0,M,Asymptomatic,112.0,204.0,Low,Normal,False,0.1
96,43.0,M,Atypical,142.0,207.0,Low,Normal,False,0.0
770,64.0,F,Asymptomatic,130.0,303.0,Low,Normal,False,2.0
906,49.0,M,Atypical,130.0,266.0,Low,Normal,False,0.6
984,60.0,F,Asymptomatic,150.0,258.0,Low,Hypertrophy,False,2.6
241,55.0,M,Atypical,145.0,326.0,Low,Normal,False,0.0
28,53.0,F,Atypical,113.0,468.0,Low,Normal,False,0.0
232,40.0,M,Non-anginal,130.0,281.0,Low,Normal,False,0.0
442,69.0,M,Asymptomatic,130.0,0.0,High,Wave,False,1.0
779,55.0,M,Atypical,130.0,262.0,Low,Normal,False,0.0
1123,56.0,M,Asymptomatic,130.0,283.0,High,Hypertrophy,True,1.6
610,62.0,M,Asymptomatic,158.0,170.0,Low,Wave,True,0.0
60,49.0,M,Atypical,100.0,253.0,Low,Normal,False,0.0
706,50.0,M,Asymptomatic,150.0,243.0,Low,Hypertrophy,False,2.6
12,39.0,M,Atypical,120.0,204.0,Low,Normal,False,0.0
810,35.0,M,Asymptomatic,126.0,282.0,Low,Hypertrophy,True,0.0
800,42.0,F,Asymptomatic,102.0,265.0,Low,Hypertrophy,False,0.6
10,37.0,F,Non-anginal,130.0,211.0,Low,Normal,False,0.0
1172,58.0,M,Asymptomatic,114.0,318.0,Low,Wave,False,4.4
21,44.0,M,Atypical,120.0,184.0,Low,Normal,False,1.0
963,60.0,M,Asymptomatic,125.0,258.0,Low,Hypertrophy,True,2.8
897,57.0,M,Asymptomatic,140.0,192.0,Low,Normal,False,0.4
638,48.0,M,Atypical,130.0,245.0,Low,Hypertrophy,False,0.2
173,53.0,M,Atypical,140.0,320.0,Low,Normal,False,0.0
38,48.0,F,Atypical,120.0,177.0,High,Wave,False,0.0
118,35.0,F,Typical,120.0,160.0,Low,Wave,False,0.0
758,59.0,M,Asymptomatic,138.0,271.0,Low,Hypertrophy,False,0.0
469,62.0,M,Asymptomatic,152.0,153.0,Low,Wave,True,1.6
272,32.0,F,Atypical,105.0,198.0,Low,Normal,False,0.0
900,44.0,M,Atypical,120.0,263.0,Low,Normal,False,0.0
867,54.0,M,Asymptomatic,120.0,188.0,Low,Normal,False,1.4
349,69.0,M,Asymptomatic,137.0,0.0,Low,Wave,True,1.6
674,60.0,F,Non-anginal,120.0,178.0,High,Normal,False,0.0
1174,58.0,M,Atypical,125.0,220.0,Low,Normal,False,0.4
69,44.0,M,Asymptomatic,150.0,412.0,Low,Normal,False,0.0
1039,67.0,F,Non-anginal,115.0,564.0,Low,Hypertrophy,False,1.6
245,48.0,M,Asymptomatic,160.0,268.0,Low,Normal,True,1.0
857,68.0,M,Non-anginal,180.0,274.0,High,Hypertrophy,True,1.6
22,49.0,F,Atypical,124.0,201.0,Low,Normal,False,0.0
881,48.0,M,Atypical,110.0,229.0,Low,Normal,False,1.0
329,52.0,M,Asymptomatic,95.0,0.0,High,Normal,True,0.8
607,51.0,F,Asymptomatic,114.0,258.0,High,Hypertrophy,False,1.0
386,61.0,M,Asymptomatic,150.0,0.0,Low,Normal,True,0.0
562,54.0,M,Atypical,132.0,182.0,Low,Wave,False,0.1
302,55.0,M,Atypical,140.0,0.0,Low,Wave,False,0.2
1089,57.0,M,Non-anginal,150.0,126.0,High,Normal,False,0.2
979,62.0,M,Non-anginal,130.0,231.0,Low,Normal,False,1.8
1058,53.0,M,Asymptomatic,142.0,226.0,Low,Hypertrophy,True,0.0
1062,57.0,M,Asymptomatic,152.0,274.0,Low,Normal,True,1.2
130,38.0,M,Non-anginal,145.0,292.0,Low,Normal,False,0.0
584,69.0,M,Non-anginal,142.0,271.0,Low,Hypertrophy,False,0.3
506,55.0,M,Non-anginal,136.0,245.0,High,Wave,True,1.2
346,69.0,M,Asymptomatic,135.0,0.0,Low,Normal,False,0.0
186,58.0,M,Non-anginal,160.0,211.0,High,Wave,False,0.0
355,55.0,M,Asymptomatic,120.0,0.0,Low,Wave,False,0.3
366,64.0,F,Asymptomatic,200.0,0.0,Low,Normal,True,1.0
438,64.0,M,Asymptomatic,120.0,0.0,High,Wave,False,2.0
698,35.0,M,Asymptomatic,120.0,198.0,Low,Normal,True,1.6
1061,64.0,M,Asymptomatic,145.0,212.0,Low,Hypertrophy,False,2.0
848,39.0,M,Asymptomatic,118.0,219.0,Low,Normal,False,1.2
680,60.0,F,Typical,150.0,240.0,Low,Normal,False,0.9
1007,48.0,M,Asymptomatic,130.0,256.0,High,Hypertrophy,True,0.0
855,47.0,M,Non-anginal,138.0,257.0,Low,Hypertrophy,False,0.0
728,41.0,M,Atypical,110.0,235.0,Low,Normal,False,0.0
623,56.0,M,Non-anginal,130.0,256.0,High,Hypertrophy,True,0.6
137,39.0,M,Atypical,120.0,241.0,Low,Wave,False,2.0
529,49.0,M,Non-anginal,131.0,142.0,Low,Normal,True,1.5
797,42.0,M,Non-anginal,120.0,240.0,High,Normal,False,0.8
720,57.0,M,Asymptomatic,165.0,289.0,High,Hypertrophy,False,1.0
323,38.0,F,Asymptomatic,105.0,0.0,High,Normal,False,2.8
217,39.0,M,Asymptomatic,110.0,280.0,Low,Normal,False,0.0
604,58.0,M,Non-anginal,150.0,219.0,Low,Wave,True,0.0
925,55.0,M,Asymptomatic,132.0,353.0,Low,Normal,True,1.2
884,56.0,F,Atypical,140.0,294.0,Low,Hypertrophy,False,1.3
453,60.0,M,Asymptomatic,140.0,281.0,Low,Wave,True,1.5
510,58.0,M,Asymptomatic,110.0,198.0,Low,Normal,False,0.0
415,54.0,M,Asymptomatic,130.0,0.0,High,Normal,True,3.0
834,51.0,M,Non-anginal,94.0,227.0,Low,Normal,True,0.0
414,56.0,M,Non-anginal,125.0,0.0,High,Normal,False,-2.0
614,55.0,M,Asymptomatic,122.0,223.0,High,Wave,False,0.0
828,51.0,M,Non-anginal,125.0,245.0,High,Hypertrophy,False,2.4
888,67.0,M,Asymptomatic,160.0,286.0,Low,Hypertrophy,True,1.5
204,31.0,F,Atypical,100.0,219.0,Low,Wave,False,0.0
808,70.0,M,Asymptomatic,145.0,174.0,Low,Normal,True,2.6
689,70.0,M,Atypical,156.0,245.0,Low,Hypertrophy,False,0.0
836,44.0,M,Atypical,120.0,220.0,Low,Normal,False,0.0
530,72.0,M,Asymptomatic,143.0,211.0,Low,Normal,True,1.4
1073,42.0,M,Non-anginal,120.0,240.0,High,Normal,False,0.8
844,43.0,F,Asymptomatic,132.0,341.0,High,Hypertrophy,True,3.0
327,45.0,M,Non-anginal,110.0,0.0,Low,Normal,False,-0.1
1120,74.0,F,Atypical,120.0,269.0,Low,Hypertrophy,True,0.2
533,55.0,M,Asymptomatic,116.0,186.0,High,Wave,False,0.0
817,68.0,M,Non-anginal,118.0,277.0,Low,Normal,False,1.0
367,61.0,M,Asymptomatic,150.0,0.0,Low,Normal,True,2.0
776,66.0,F,Asymptomatic,178.0,228.0,High,Normal,True,1.0
916,40.0,M,Asymptomatic,110.0,167.0,Low,Hypertrophy,True,2.0
400,61.0,M,Non-anginal,200.0,0.0,High,Wave,False,0.0
313,41.0,M,Asymptomatic,125.0,0.0,High,Normal,False,1.6
41,54.0,F,Non-anginal,130.0,294.0,Low,Wave,True,0.0
351,53.0,M,Asymptomatic,120.0,0.0,High,Normal,False,0.0
939,44.0,M,Asymptomatic,112.0,290.0,Low,Hypertrophy,False,0.0
1012,45.0,F,Atypical,130.0,234.0,Low,Hypertrophy,False,0.6
649,37.0,F,Non-anginal,120.0,215.0,Low,Normal,False,0.0
199,53.0,M,Asymptomatic,120.0,246.0,Low,Normal,True,0.0
5,39.0,M,Non-anginal,120.0,339.0,Low,Normal,False,0.0
1101,52.0,M,Asymptomatic,112.0,230.0,Low,Normal,False,0.0
582,48.0,M,Asymptomatic,140.0,208.0,Low,Normal,True,1.5
223,48.0,F,Non-anginal,120.0,195.0,Low,Normal,False,0.0
480,56.0,M,Non-anginal,170.0,0.0,Low,Hypertrophy,True,2.5
1068,56.0,F,Asymptomatic,134.0,409.0,Low,Hypertrophy,True,1.9
514,62.0,M,Typical,112.0,258.0,Low,Wave,True,1.3
1071,60.0,F,Asymptomatic,158.0,305.0,Low,Hypertrophy,False,0.0
806,70.0,M,Non-anginal,160.0,269.0,Low,Normal,True,2.9
1070,59.0,M,Typical,178.0,270.0,Low,Hypertrophy,False,4.2
1090,64.0,F,Non-anginal,140.0,313.0,Low,Normal,False,0.2
640,47.0,M,Asymptomatic,112.0,204.0,Low,Normal,False,0.1
369,57.0,M,Asymptomatic,140.0,0.0,Low,Normal,True,2.0
1009,51.0,M,Non-anginal,100.0,222.0,Low,Normal,True,1.2
182,51.0,M,Atypical,130.0,224.0,Low,Normal,False,0.0
543,54.0,F,Asymptomatic,138.0,274.0,Low,Normal,True,1.5
934,50.0,M,Asymptomatic,150.0,243.0,Low,Hypertrophy,False,2.6
895,63.0,M,Asymptomatic,130.0,254.0,Low,Hypertrophy,False,1.4
912,50.0,F,Non-anginal,120.0,219.0,Low,Normal,False,1.6
185,54.0,F,Atypical,160.0,312.0,Low,Normal,False,0.0
532,64.0,M,Asymptomatic,143.0,306.0,High,Wave,True,1.8
132,56.0,M,Asymptomatic,170.0,388.0,Low,Wave,True,2.0
550,68.0,M,Typical,139.0,181.0,High,Wave,False,0.2
690,76.0,F,Non-anginal,140.0,197.0,Low,Wave,False,1.1
746,60.0,M,Asymptomatic,117.0,230.0,High,Normal,True,1.4
765,58.0,M,Non-anginal,132.0,224.0,Low,Hypertrophy,False,3.2
846,52.0,M,Typical,118.0,186.0,Low,Hypertrophy,False,0.0
234,41.0,M,Asymptomatic,112.0,250.0,Low,Normal,False,0.0
847,61.0,F,Asymptomatic,145.0,307.0,Low,Hypertrophy,True,1.0
485,65.0,M,Asymptomatic,134.0,0.0,Low,Normal,True,1.1
296,61.0,M,Asymptomatic,105.0,0.0,High,Normal,True,1.5
373,63.0,M,Asymptomatic,185.0,0.0,Low,Normal,True,0.0
1005,63.0,M,Asymptomatic,130.0,330.0,High,Hypertrophy,True,1.8
561,54.0,M,Non-anginal,133.0,203.0,Low,Wave,False,0.2
608,62.0,M,Asymptomatic,160.0,254.0,High,Wave,True,3.0
1178,55.0,F,Atypical,132.0,342.0,Low,Normal,False,1.2
1142,42.0,F,Non-anginal,120.0,209.0,Low,Normal,False,0.0
116,38.0,M,Asymptomatic,120.0,282.0,Low,Normal,False,0.0
148,50.0,M,Atypical,120.0,168.0,Low,Normal,False,0.0
822,52.0,M,Typical,152.0,298.0,High,Normal,False,1.2
798,56.0,F,Asymptomatic,134.0,409.0,Low,Hypertrophy,True,1.9
714,58.0,M,Asymptomatic,100.0,234.0,Low,Normal,False,0.1
37,41.0,F,Atypical,110.0,250.0,Low,Wave,False,0.0
335,51.0,M,Asymptomatic,130.0,0.0,High,Normal,False,-0.7
23,44.0,M,Atypical,150.0,288.0,Low,Normal,True,3.0
603,61.0,M,Non-anginal,120.0,337.0,Low,Normal,True,0.0
845,58.0,F,Typical,150.0,283.0,High,Hypertrophy,False,1.0
877,58.0,F,Non-anginal,120.0,340.0,Low,Normal,False,0.0
541,62.0,M,Non-anginal,138.0,204.0,Low,Wave,True,1.2
1158,66.0,M,Asymptomatic,160.0,228.0,Low,Hypertrophy,False,2.3
207,35.0,M,Atypical,120.0,308.0,Low,Hypertrophy,False,0.0
143,53.0,M,Asymptomatic,140.0,243.0,Low,Normal,False,0.0
570,55.0,M,Asymptomatic,158.0,217.0,Low,Normal,True,2.5
1155,40.0,M,Asymptomatic,152.0,223.0,Low,Normal,False,0.0
121,52.0,F,Non-anginal,125.0,272.0,Low,Normal,False,0.0
978,62.0,F,Asymptomatic,160.0,164.0,Low,Hypertrophy,False,6.2
454,60.0,M,Asymptomatic,120.0,0.0,Low,Normal,True,2.0
494,51.0,M,Non-anginal,137.0,339.0,Low,Normal,True,1.7
1051,48.0,M,Non-anginal,124.0,255.0,High,Normal,False,0.0
500,62.0,M,Asymptomatic,135.0,297.0,Low,Normal,True,1.0
755,34.0,F,Atypical,118.0,210.0,Low,Normal,False,0.7
993,59.0,M,Asymptomatic,140.0,177.0,Low,Normal,True,0.0
396,38.0,M,Asymptomatic,135.0,0.0,High,Normal,False,0.0
1107,41.0,F,Non-anginal,112.0,268.0,Low,Hypertrophy,True,0.0
590,74.0,M,Non-anginal,140.0,237.0,High,Normal,False,0.0
1154,59.0,M,Non-anginal,126.0,218.0,High,Normal,False,2.2
796,50.0,M,Non-anginal,129.0,196.0,Low,Normal,False,0.0
648,66.0,M,Asymptomatic,160.0,228.0,Low,Hypertrophy,False,2.3
1013,56.0,F,Asymptomatic,200.0,288.0,High,Hypertrophy,True,4.0
973,47.0,M,Non-anginal,138.0,257.0,Low,Hypertrophy,False,0.0
948,46.0,F,Non-anginal,142.0,177.0,Low,Hypertrophy,True,1.4
913,58.0,F,Non-anginal,120.0,340.0,Low,Normal,False,0.0
460,41.0,M,Asymptomatic,104.0,0.0,Low,Wave,False,0.0
284,55.0,F,Atypical,110.0,344.0,Low,Wave,False,0.0
1047,46.0,M,Atypical,101.0,197.0,High,Normal,False,0.0
721,63.0,M,Asymptomatic,130.0,254.0,Low,Hypertrophy,False,1.4
1027,59.0,M,Atypical,140.0,221.0,Low,Normal,True,0.0
549,66.0,M,Asymptomatic,112.0,261.0,Low,Normal,False,1.5
1054,54.0,F,Atypical,132.0,288.0,High,Hypertrophy,True,0.0
498,61.0,M,Asymptomatic,146.0,241.0,Low,Normal,True,3.0
921,44.0,M,Non-anginal,130.0,233.0,Low,Normal,True,0.4
1093,58.0,M,Asymptomatic,128.0,259.0,Low,Hypertrophy,True,3.0
1030,64.0,M,Non-anginal,125.0,309.0,Low,Normal,True,1.8
1057,70.0,M,Non-anginal,160.0,269.0,Low,Normal,True,2.9
421,66.0,M,Non-anginal,110.0,213.0,High,Hypertrophy,True,1.3
156,38.0,M,Asymptomatic,110.0,190.0,Low,Normal,True,1.0
565,57.0,M,Asymptomatic,144.0,270.0,High,Wave,True,2.0
520,63.0,M,Asymptomatic,96.0,305.0,Low,Wave,True,1.0
871,59.0,M,Non-anginal,150.0,212.0,High,Normal,False,1.6
1175,56.0,M,Atypical,130.0,221.0,Low,Hypertrophy,False,0.0
611,46.0,M,Asymptomatic,134.0,310.0,Low,Normal,False,0.0
587,53.0,M,Asymptomatic,124.0,243.0,Low,Normal,True,2.0
259,51.0,F,Non-anginal,150.0,200.0,Low,Normal,False,0.5
297,50.0,M,Asymptomatic,145.0,0.0,High,Normal,True,0.7
554,74.0,M,Typical,145.0,216.0,High,Normal,True,1.8
1035,45.0,M,Atypical,128.0,308.0,Low,Hypertrophy,False,0.0
692,45.0,M,Asymptomatic,142.0,309.0,Low,Hypertrophy,True,0.0
1032,47.0,M,Non-anginal,108.0,243.0,Low,Normal,False,0.0
843,62.0,F,Non-anginal,130.0,263.0,Low,Normal,False,1.2
291,48.0,M,Non-anginal,110.0,211.0,Low,Normal,False,0.0
928,40.0,M,Typical,140.0,199.0,Low,Normal,True,1.4
1074,66.0,M,Atypical,160.0,246.0,Low,Normal,True,0.0
687,61.0,M,Asymptomatic,120.0,260.0,Low,Normal,True,3.6
448,77.0,M,Asymptomatic,124.0,171.0,Low,Wave,True,2.0
52,45.0,M,Atypical,140.0,224.0,High,Normal,False,0.0
308,53.0,M,Atypical,130.0,0.0,Low,Wave,False,0.7
488,57.0,M,Asymptomatic,140.0,214.0,Low,Wave,True,2.0
592,58.0,M,Asymptomatic,100.0,213.0,Low,Wave,False,0.0
743,62.0,M,Asymptomatic,120.0,267.0,Low,Normal,True,1.8
960,65.0,M,Asymptomatic,110.0,248.0,Low,Hypertrophy,False,0.6
639,43.0,M,Asymptomatic,115.0,303.0,Low,Normal,False,1.2
119,34.0,M,Typical,140.0,156.0,Low,Normal,False,0.0
1185,45.0,M,Typical,110.0,264.0,Low,Normal,False,1.2
0,40.0,M,Atypical,140.0,289.0,Low,Normal,False,0.0
654,59.0,M,Typical,160.0,273.0,Low,Hypertrophy,False,0.0
86,65.0,M,Asymptomatic,170.0,263.0,High,Normal,True,2.0
171,29.0,M,Atypical,120.0,243.0,Low,Normal,False,0.0
866,60.0,M,Asymptomatic,145.0,282.0,Low,Hypertrophy,True,2.8
27,52.0,M,Atypical,120.0,284.0,Low,Normal,False,0.0
786,65.0,M,Typical,138.0,282.0,High,Hypertrophy,False,1.4
747,63.0,F,Asymptomatic,108.0,269.0,Low,Normal,True,1.8
749,42.0,M,Asymptomatic,140.0,226.0,Low,Normal,False,0.0
580,69.0,M,Asymptomatic,145.0,289.0,High,Wave,True,1.8
553,71.0,M,Non-anginal,144.0,221.0,Low,Normal,True,1.8
1129,49.0,F,Asymptomatic,130.0,269.0,Low,Normal,False,0.0
936,53.0,M,Non-anginal,130.0,197.0,High,Hypertrophy,False,1.2
627,59.0,M,Asymptomatic,135.0,234.0,Low,Normal,False,0.5
566,61.0,M,Asymptomatic,141.0,292.0,Low,Wave,True,1.7
9,48.0,F,Atypical,120.0,284.0,Low,Normal,False,0.0
1103,46.0,F,Atypical,105.0,204.0,Low,Normal,False,0.0
914,66.0,F,Typical,150.0,226.0,Low,Normal,False,2.6
809,54.0,M,Atypical,108.0,309.0,Low,Normal,False,0.0
544,70.0,M,Asymptomatic,170.0,192.0,Low,Wave,True,3.0
588,37.0,M,Non-anginal,118.0,240.0,Low,Hypertrophy,False,1.0
1079,43.0,M,Asymptomatic,132.0,247.0,High,Hypertrophy,True,0.1
388,53.0,M,Asymptomatic,130.0,0.0,Low,Hypertrophy,True,1.0
250,49.0,M,Asymptomatic,130.0,341.0,Low,Normal,True,1.0
443,51.0,M,Asymptomatic,128.0,0.0,High,Wave,True,1.2
165,52.0,F,Atypical,140.0,225.0,Low,Normal,False,0.0
505,62.0,M,Asymptomatic,158.0,210.0,High,Normal,True,3.0
264,59.0,M,Asymptomatic,130.0,126.0,Low,Normal,False,0.0
51,47.0,F,Asymptomatic,120.0,205.0,Low,Normal,True,2.0
107,34.0,M,Atypical,150.0,214.0,Low,Wave,False,0.0
1084,45.0,F,Asymptomatic,138.0,236.0,Low,Hypertrophy,True,0.2
478,61.0,M,Asymptomatic,110.0,0.0,High,Normal,True,2.0
499,67.0,M,Asymptomatic,160.0,384.0,High,Wave,True,0.0
1187,57.0,M,Asymptomatic,130.0,131.0,Low,Normal,True,1.2
466,42.0,M,Non-anginal,134.0,240.0,Low,Normal,False,0.0
970,68.0,M,Non-anginal,180.0,274.0,High,Hypertrophy,True,1.6
712,47.0,M,Asymptomatic,110.0,275.0,Low,Hypertrophy,True,1.0
1003,58.0,M,Non-anginal,140.0,211.0,High,Hypertrophy,False,0.0
750,64.0,M,Asymptomatic,120.0,246.0,Low,Hypertrophy,True,2.2
198,42.0,M,Atypical,150.0,268.0,Low,Normal,False,0.0
1081,68.0,F,Non-anginal,120.0,211.0,Low,Hypertrophy,False,1.5
190,53.0,M,Asymptomatic,180.0,285.0,Low,Wave,True,1.5
1139,64.0,M,Asymptomatic,128.0,263.0,Low,Normal,True,0.2
151,48.0,M,Atypical,100.0,159.0,Low,Normal,False,0.0
187,58.0,M,Atypical,130.0,251.0,Low,Normal,False,0.0
1098,38.0,M,Typical,120.0,231.0,Low,Normal,True,3.8
730,54.0,F,Non-anginal,135.0,304.0,High,Normal,False,0.0
240,48.0,M,Asymptomatic,160.0,193.0,Low,Normal,True,3.0
145,39.0,M,Asymptomatic,110.0,273.0,Low,Normal,False,0.0
563,59.0,M,Asymptomatic,140.0,274.0,Low,Normal,True,2.0
255,55.0,M,Asymptomatic,145.0,248.0,Low,Normal,True,2.0
95,58.0,M,Asymptomatic,130.0,263.0,Low,Normal,True,2.0
412,54.0,M,Asymptomatic,180.0,0.0,High,Normal,False,1.5
426,60.0,M,Atypical,160.0,267.0,High,Wave,False,0.5
243,55.0,M,Atypical,160.0,292.0,High,Normal,True,2.0
681,63.0,M,Typical,145.0,233.0,High,Hypertrophy,False,2.3
343,61.0,M,Asymptomatic,110.0,0.0,High,Normal,False,1.4
955,59.0,M,Asymptomatic,170.0,326.0,Low,Hypertrophy,True,3.4
1055,35.0,M,Asymptomatic,126.0,282.0,Low,Hypertrophy,True,0.0
1188,57.0,F,Atypical,130.0,236.0,Low,Hypertrophy,False,0.0
707,59.0,M,Atypical,140.0,221.0,Low,Normal,True,0.0
56,31.0,M,Asymptomatic,120.0,270.0,Low,Normal,True,1.5
422,66.0,M,Non-anginal,120.0,0.0,Low,Wave,False,-0.5
149,54.0,M,Asymptomatic,130.0,603.0,High,Normal,True,1.0
534,63.0,M,Asymptomatic,110.0,252.0,Low,Wave,True,2.0
183,52.0,M,Asymptomatic,140.0,404.0,Low,Normal,True,2.0
1025,35.0,M,Asymptomatic,120.0,198.0,Low,Normal,True,1.6
1151,61.0,M,Asymptomatic,138.0,166.0,Low,Hypertrophy,True,3.6
1069,42.0,M,Typical,148.0,244.0,Low,Hypertrophy,False,0.8
947,51.0,F,Asymptomatic,130.0,305.0,Low,Normal,True,1.2
952,60.0,M,Asymptomatic,145.0,282.0,Low,Hypertrophy,True,2.8
824,58.0,M,Non-anginal,105.0,240.0,Low,Hypertrophy,True,0.6
109,39.0,M,Atypical,190.0,241.0,Low,Normal,False,0.0
1083,69.0,M,Typical,160.0,234.0,High,Hypertrophy,False,0.1
393,61.0,M,Asymptomatic,130.0,0.0,Low,Hypertrophy,False,0.0
819,60.0,M,Asymptomatic,125.0,258.0,Low,Hypertrophy,True,2.8
456,59.0,M,Asymptomatic,154.0,0.0,Low,Wave,True,1.5
360,53.0,M,Non-anginal,105.0,0.0,Low,Normal,False,0.0
710,54.0,M,Asymptomatic,110.0,206.0,Low,Hypertrophy,True,0.0
439,63.0,M,Non-anginal,130.0,0.0,Low,Wave,True,0.0
174,49.0,M,Non-anginal,140.0,187.0,Low,Normal,False,0.0
1147,44.0,F,Non-anginal,118.0,242.0,Low,Normal,False,0.3
